Master ID,Legacy IDs,Domain,Subsystem,Finding Title,Severity,Status,Root Cause,Verification Required,Verification Status,Correction Reference,Source Basis,Affected Files,Historical Relationship
GF-MASTER-0001,GF-AUD-007,Study,Contingency,Historical PowerFlowResult vocabulary mismatch reconciled; live defect was undefined contingency case_snapshot,CRITICAL,REMEDIATED,Contingency rebuilds isolated topology and consumes canonical PowerFlowResult; historical vocabulary mismatch is no longer a live defect,Yes,RUNTIME_DEFERRED,core/analysis/contingency.py; historical result-vocabulary reconciliation,Current contingency.py and canonical result.py; historical GF-AUD-007 wording reconciled,core/analysis/contingency.py; core/solver/power_flow/result.py,GF-AUD-007 retained as legacy; historical result-vocabulary claim reclassified
GF-MASTER-0002,GF-AUD-005,Study,Contingency,Bus outage semantics use canonical topology invalidation/rebuild,HIGH,REMEDIATED,Contingency changes only in-service state; Core TopologyManager derives resulting topology,Yes,RUNTIME_DEFERRED,core/analysis/contingency.py; core/network/topology.py,Current contingency.py and topology.py,core/analysis/contingency.py; core/network/topology.py; core/analysis/power_flow_preparation.py,GF-AUD-005 retained as legacy
GF-MASTER-0003,GF-AUD-006,Core,Endpoint-Topology,Contingency identity resolution delegates to Network canonical identity/topology infrastructure,HIGH,REMEDIATED,Collection-specific attachment scanning removed; NetworkRegistry identity and TopologyManager are authoritative,Yes,RUNTIME_DEFERRED,core/analysis/contingency.py; core/network/registry.py; core/network/topology.py,Current contingency identity path and NetworkRegistry/TopologyManager,core/analysis/contingency.py; core/network/registry.py; core/network/topology.py,GF-AUD-006 retained as legacy
GF-MASTER-0004,GF-AUD-014,SLD,Semantic presentation,SLD semantic vocabulary reconciled against EquipmentRegistry; SymbolDefinition catalogue and renderer path,HIGH,STATICALLY_VERIFIED,All 23 supported SLD semantic types have deterministic equipment/symbol coverage; renderer records explicit unsupported presentation state without deleting authored nodes,No,NOT_REQUIRED,ui/sld/sld_vocabulary.py; ui/equipment/equipment_registry.py; ui/equipment/symbol/built_in_symbol_catalogue.py; ui/canvas/sld_canvas_render_system.py,Current SLD vocabulary; EquipmentRegistry; built-in SymbolDefinition catalogue; render system,ui/sld/sld_vocabulary.py; ui/equipment/equipment_registry.py; ui/equipment/symbol/built_in_symbol_catalogue.py; ui/canvas/sld_canvas_render_system.py,GF-AUD-014 retained as legacy
GF-MASTER-0005,GF-AUD-012|GF-DOC-A1,Documentation,Architecture-audit,Audit state separates current finding state from verification state while retaining historical IDs,MEDIUM,STATICALLY_VERIFIED,Historical IDs remain preserved; current register rows use independent Verification Status and current-state terminology,No,NOT_REQUIRED,audit/MASTER_AUDIT_REGISTER.csv; audit/MASTER_AUDIT_REGISTER.md; audit/MASTER_AUDIT_REGISTER_METADATA.md,Current audit register and dated reconciliation addendum,audit/MASTER_AUDIT_REGISTER.csv; audit/MASTER_AUDIT_REGISTER.md; audit/MASTER_AUDIT_REGISTER_METADATA.md,GF-AUD-012 and GF-DOC-A1 retained as legacy
GF-MASTER-0006,RS-005|RS-006|RS-013|RS-015|RS-017,Runtime,Packaging,pyproject.toml is the sole packaging and dependency authority,HIGH,STATICALLY_VERIFIED,Production dependencies are numpy scipy PySide6; pytest is dev-only; setuptools discovery covers core* and ui*; no competing requirements/setup authority is present,No,NOT_REQUIRED,pyproject.toml; README.md,Current pyproject.toml; repository tree; README,pyproject.toml; README.md,RS-005; RS-006; RS-013; RS-015; RS-017 retained as legacy
GF-MASTER-0007,RS-007|RS-014|RS-019|RS-020,Runtime,CI-startup,CI verification contract exists but latest main execution failed before tests,HIGH,REMEDIATED — VERIFICATION DEFERRED,Workflow performs checkout Python 3.12 dependency installation source-integrity check and tests; latest run failed at source-integrity verification,Yes,RUNTIME_DEFERRED,source-integrity workflow,.github/workflows/targeted-remediation.yml,.github/workflows/targeted-remediation.yml,RS-007; RS-014; RS-019; RS-020 retained as legacy
GF-MASTER-0008,RS-008|RS-016,Runtime,Startup,Current-main startup unverified,CRITICAL,REMEDIATED — VERIFICATION DEFERRED,No successful import or bootstrap evidence,Yes,RUNTIME_DEFERRED,startup composition,main.py; core/application/bootstrap.py; core/application/project_lifecycle.py,main.py; core/application/bootstrap.py; core/application/project_lifecycle.py,
GF-MASTER-0009,RS-009,Runtime,Source integrity,Historical Markdown-fence finding is superseded by current repository structure,CRITICAL,RECLASSIFIED,The historical state_vector.py artifact referenced by RS-009 is absent from current main; the current dynamics package uses machine_models.py and does not expose the previously cited broken import path,Yes,,,,,
GF-MASTER-0010,RS-018,Runtime,CI integrity,CI source-repair workaround removed,HIGH,STATIC CLOSED,Workflow no longer rewrites source,No,,,,,
GF-MASTER-0011,,Dynamics,Public API,Historical DynamicStateVector import defect is not present in current main,HIGH,REMEDIATED — VERIFICATION DEFERRED,Current main contains no core/solver/dynamics/state_vector.py; the finding is based on stale source evidence and is therefore reconciled into the documentation/audit-state drift cluster rather than treated as a live production defect,Yes,RUNTIME_DEFERRED,Dynamics API reconciliation,core/solver/dynamics/__init__.py; core/solver/dynamics/machine_models.py,core/solver/dynamics/__init__.py; core/solver/dynamics/machine_models.py,
GF-MASTER-0012,,Dynamics,Package exports,Historical DynamicState package-export defect is not present in current main,HIGH,REMEDIATED — VERIFICATION DEFERRED,Current core/solver/dynamics/__init__.py exports the implemented Classical machine and transient solver symbols and does not export the cited obsolete DynamicState; stale register evidence caused the finding,Yes,RUNTIME_DEFERRED,Dynamics public exports,core/solver/dynamics/__init__.py,core/solver/dynamics/__init__.py,
GF-MASTER-0013,historical Dynamics API reconciliation; commit 30010462...,Dynamics,Public API migration,Dynamics public symbols underwent incompatible contract migration,HIGH,REMEDIATED — VERIFICATION DEFERRED,Legacy symbol names and newer implementations evolved across package exports,Yes,RUNTIME_DEFERRED,Dynamics API sweep,core/solver/dynamics/__init__.py; core/solver/dynamics/*.py,core/solver/dynamics/__init__.py; core/solver/dynamics/*.py,
GF-MASTER-0014,historical Dynamics initial-state audit,Dynamics,Initialization,Initial-state bridge may derive electrical operating-point power from mechanical input rather than authoritative solved power,HIGH,REMEDIATED — VERIFICATION DEFERRED,Preparation boundary exists but operating-point semantics require reconciliation,Yes,RUNTIME_DEFERRED,PF→Dynamics initialization,core/analysis/dynamic_initial_state.py; core/analysis/transient_network.py,core/analysis/dynamic_initial_state.py; core/analysis/transient_network.py,
GF-MASTER-0015,GF-AUD-019|GF-AUD-WS-019,Dynamics,Transient coupling,Canonical transient algebraic network coupling not proven,CRITICAL,REMEDIATED — VERIFICATION DEFERRED,Required coupling contract unresolved,Yes,RUNTIME_DEFERRED,transient algebraic coupling,core/analysis/transient_network.py; core/analysis/transient_runtime.py; core/solver/dynamics/dae_solver.py,core/analysis/transient_network.py; core/analysis/transient_runtime.py; core/solver/dynamics/dae_solver.py,
GF-MASTER-0016,GF-AUD-WS-003|GF-AUD-WS-004|GF-AUD-WS-005|GF-AUD-WS-006|GF-AUD-WS-008|GF-AUD-WS-009,UI,Workspace-lifecycle,Workspace project UI composition source-remediated but unverified,HIGH,REMEDIATED — VERIFICATION DEFERRED,Runtime GUI lifecycle not executed,Yes,,,,,
GF-MASTER-0017,GF-AUD-065|GF-AUD-069,UI,Workspace consumers,Workspace consumer coverage inconclusive,MEDIUM,REMEDIATED — VERIFICATION DEFERRED,Indexed search insufficient,Yes,RUNTIME_DEFERRED,workspace consumer sweep,ui/workspace/workspace_manager.py; ui/workspace/workspace_realizer.py; ui/plugins/panels_plugin.py,ui/workspace/workspace_manager.py; ui/workspace/workspace_realizer.py; ui/plugins/panels_plugin.py,
GF-MASTER-0018,GF-AUD-066|GF-AUD-068,UI,Panel placement,Panel placement metadata duplicated Workspace authority,HIGH,REMEDIATED — VERIFICATION DEFERRED,Panel metadata carried placement-like state,Yes,RUNTIME_DEFERRED,panel placement authority,ui/workspace/workspace_definition.py; ui/workspace/workspace_layout.py; ui/workspace/workspace_defaults.py,ui/workspace/workspace_definition.py; ui/workspace/workspace_layout.py; ui/workspace/workspace_defaults.py,
GF-MASTER-0019,GF-AUD-071,UI,PanelsPlugin,PanelsPlugin direct docking ownership conflict,HIGH,REMEDIATED — VERIFICATION DEFERRED,Plugin crossed into workspace realization,Yes,RUNTIME_DEFERRED,PanelsPlugin ownership,ui/plugins/panels_plugin.py; ui/workspace/workspace_realizer.py,ui/plugins/panels_plugin.py; ui/workspace/workspace_realizer.py,
GF-MASTER-0020,GF-AUD-072,UI,Plugin lifecycle,Plugin composition and shutdown handoff incomplete,HIGH,REMEDIATED — VERIFICATION DEFERRED,Static lifecycle contract lacks execution proof,Yes,RUNTIME_DEFERRED,plugin lifecycle,ui/plugins/plugin_manager.py; ui/plugins/plugin_loader.py; main.py,ui/plugins/plugin_manager.py; ui/plugins/plugin_loader.py; main.py,
GF-MASTER-0021,GF-AUD-003|GF-EDM-049|GF-EDM-050|GF-EDM-063|GF-EDM-064|GF-EDM-065,Study,Power Flow,Prepared PF boundary needs runtime and immutability proof,HIGH,REMEDIATED — VERIFICATION DEFERRED,Live Network preparation and nested mutability remain concerns,Yes,RUNTIME_DEFERRED,Power Flow boundary,core/analysis/power_flow_preparation.py; core/application/study_preparation.py,core/analysis/power_flow_preparation.py; core/application/study_preparation.py,
GF-MASTER-0022,GF-EDM-001–019,Core,Engineering data,Engineering-data findings require study-by-study reconciliation,HIGH,REMEDIATED — VERIFICATION DEFERRED,Broad historical findings not fully consumer-verified,Yes,RUNTIME_DEFERRED,engineering-data reconciliation,core/application/read_service.py; core/analysis/power_flow_preparation.py; core/analysis/study_preparation.py,core/application/read_service.py; core/analysis/power_flow_preparation.py; core/analysis/study_preparation.py,
GF-MASTER-0023,GF-AUD-212|GF-AUD-217|GF-AUD-218|GF-AUD-220,Core,Transformer,Transformer impedance basis conversion and persistence incomplete,HIGH,REMEDIATED — VERIFICATION DEFERRED,Explicit basis exists but conversion and round-trip proof absent,Yes,RUNTIME_DEFERRED,transformer impedance basis,core/model/transformer.py; core/base/per_unit.py; core/analysis/power_flow_preparation.py,core/model/transformer.py; core/base/per_unit.py; core/analysis/power_flow_preparation.py,
GF-MASTER-0024,GF-EDM-028|GF-EDM-047|GF-EDM-067,Study,Reactive equipment,Prepared shunt integration lacks execution proof,HIGH,REMEDIATED — VERIFICATION DEFERRED,Source remediation not runtime verified,Yes,RUNTIME_DEFERRED,reactive equipment integration,core/analysis/power_flow_preparation.py; core/numerical/ybus.py; core/model/shunt.py,core/analysis/power_flow_preparation.py; core/numerical/ybus.py; core/model/shunt.py,
GF-MASTER-0025,GF-EDM-050|GF-EDM-063,Study,PU-YBus,PU and YBus boundary deep immutability and sweep incomplete,HIGH,REMEDIATED — VERIFICATION DEFERRED,Canonical PU exists and nested matrix remains mutable,Yes,RUNTIME_DEFERRED,PU/YBus immutability correction,core/base/per_unit.py; core/analysis/power_flow_preparation.py; core/numerical/ybus.py,core/base/per_unit.py; core/analysis/power_flow_preparation.py; core/numerical/ybus.py,
GF-MASTER-0026,GF-EDM-051–054,Study,Short Circuit,Detached SC preparation and result boundary unverified,HIGH,REMEDIATED — VERIFICATION DEFERRED,Source-level boundary lacks execution proof,Yes,,,,,
GF-MASTER-0027,GF-EDM-055–057,Protection,Study preparation,Protection study and execution boundary unverified,HIGH,REMEDIATED — VERIFICATION DEFERRED,Detached preparation exists without end-to-end proof,Yes,RUNTIME_DEFERRED,Protection study boundary,core/protection/preparation.py; core/application/protection_execution.py; core/protection/runtime.py,core/protection/preparation.py; core/application/protection_execution.py; core/protection/runtime.py,
GF-MASTER-0028,GF-EDM-030–037|GF-EDM-038–045|GF-AUD-204|GF-AUD-205,Protection,Measurement,Measurement architecture reconciled but tests unexecuted,HIGH,REMEDIATED — VERIFICATION DEFERRED,Conversion and channel fixes lack runtime proof,Yes,,,,,
GF-MASTER-0029,GF-EDM-069,Protection,Breaker trip,Protection decision Application boundary unverified,HIGH,REMEDIATED — VERIFICATION DEFERRED,Source correction exists without integration execution,Yes,,,,,
GF-MASTER-0030,GF-EDM-058|GF-EDM-059|GF-EDM-060|GF-EDM-061|GF-EDM-068,Dynamics,Capability boundary,Dynamics capabilities deferred,HIGH,DEFERRED,Historical scope explicitly deferred absent capability,Yes,,,,,
GF-MASTER-0031,GF-AUD-206|GF-AUD-216|GF-PERSIST-A7|GF-PERSIST-A8|GF-PERSIST-A11,Persistence,Project package,Canonical project persistence round-trip unverified,CRITICAL,REMEDIATED — VERIFICATION DEFERRED,Package exists without full semantic round-trip evidence,Yes,,,,,
GF-MASTER-0032,GF-PERSIST-A7|GF-PERSIST-A8|GF-PERSIST-A11,Persistence,Migration,Legacy engineering representation metadata handling unverified,HIGH,REMEDIATED — VERIFICATION DEFERRED,Ambiguity rejection exists without corpus proof,Yes,,,,,
GF-MASTER-0033,,Persistence,Dynamics association,Dynamic model persistence round-trip unverified,HIGH,REMEDIATED — VERIFICATION DEFERRED,Source wiring lacks reconstruction execution proof,Yes,,,,,
GF-MASTER-0034,,Persistence,Protection serialization,Relay and protection persistence reconstruction unverified,HIGH,REMEDIATED — VERIFICATION DEFERRED,Source serialization lacks semantic round-trip proof,Yes,,,,,
GF-MASTER-0035,GF-AUD-018,Application,Events,Batch 1A semantic-event provenance loss,HIGH,REMEDIATED — VERIFICATION DEFERRED,Model semantic-event publication previously omitted command correlation_id and causation_id; source correction now passes command provenance into ElementCreated ElementRemoved ElementUpdated TopologyChanged and NetworkChanged; runtime consumer verification remains deferred,Yes,,,,,
GF-MASTER-0036,,Application,Revision-validation,RevisionService is not integrated with project activation/replacement lifecycle,HIGH,REMEDIATED — VERIFICATION DEFERRED,"Application remains the sole project-transition revision coordinator via _run_project_transition(): it snapshots RevisionService before lifecycle transition, restores the exact prior revision state on failure, and resets the revision only after successful activation; bootstrap.activate_project_state() no longer snapshots/restores/resets revision state; execute/undo/redo/presentation/save revision paths remain intact; runtime verification deferred",Yes,,,,,
GF-MASTER-0037,,Application,Command-transaction-history,Batch 1A Application mutation and undo-redo semantic-event provenance,HIGH,REMEDIATED — VERIFICATION DEFERRED,Application execute undo and redo retain the original immutable Command through CommandManager history and semantic publication; corrected model/network/topology events now preserve that command provenance; runtime verification remains deferred,Yes,,,,,
GF-MASTER-0038,,SLD,Identity,Parallel UI equipment and terminal identity reconciled through EquipmentTerminal/SnapResult/EndpointIdentityAdapter/EndpointReference/Application Command boundary,CRITICAL,REMEDIATED — VERIFICATION DEFERRED,Static Batch 1E source evidence separates presentation terminal identity from canonical Core identity; runtime verification deferred,Yes,,,,,
GF-MASTER-0039,,SLD,Topology,Connection lifecycle and topology migration unverified,CRITICAL,REMEDIATED — VERIFICATION DEFERRED,UI connection state does not own global topology; the Application/Core topology lifecycle and Simple Wire command path are source-proven.,No runtime verification,,,,,
GF-MASTER-0040,,SLD,Projection-rendering,Non-Bus SLD realization requires canonical Application read-model identity referenced by SLDNode.equipment_id; Bus uses a dedicated presentation path,HIGH,REMEDIATED — VERIFICATION REQUIRED,Application pre-commit binds the authoritative Core identity to one persistent SLD node only after Application read-model confirmation; generic renderer resolves the same identity through EquipmentFactory; Batch 26 adds explicit realization-failure codes and regression coverage; runtime GUI verification remains deferred,Yes,RUNTIME_DEFERRED,audit/BATCH26_SLD_CANVAS_CORRECTION_2026-09-29.md,Batch 26 static SLD canvas audit,core/application/application.py; ui/canvas/sld_canvas_render_system.py; ui/canvas/sld_graphics_item_factory.py; ui/canvas/sld_canvas_projection.py; ui/equipment/equipment_factory.py; tests/ui/canvas/test_sld_canvas_render_system_batch26.py; ui/plugins/canvas_plugin.py; main.py,2026-09-28 full-completion static re-audit; Historical GF-MASTER-0040 retained; Batch 26.3 removed destructive ProjectLoaded projection clearing; ProjectClosed remains the explicit destructive boundary; incremental renderer retained; runtime Bus -> Transformer -> Breaker -> Wire remains deferrednt SLD document -> snapshot -> incremental renderer lifecycle; no ordinary tool-switch scene clear is present; runtime Bus -> Transformer -> Breaker -> Wire verification remains deferred
GF-MASTER-0041,,Core,Authority-topology-equipment,Core NetworkRegistry terminal ownership EndpointReference topology lifecycle and Application mutation boundary source-reconciled,CRITICAL,REMEDIATED — VERIFICATION DEFERRED,Static Batch 1E evidence confirms Core Network/topology ownership and Application command boundary; runtime verification deferred,Yes,,,,,
GF-MASTER-0042,,Control,Control-automation,Control and ladder command integration incomplete,HIGH,REMEDIATED — VERIFICATION REQUIRED,Complete current control chain not demonstrated,Yes,RUNTIME_DEFERRED,Control/Ladder boundary,core/application/control_command_handlers.py; core/application/control_execution.py; ui/control/control_workspace.py,core/application/control_command_handlers.py; core/application/control_execution.py; ui/control/control_workspace.py,; Batch 26.3 adds explicit Control ladder viewport/palette/inspector/toolbar presentation identities and semantic styling; resizable splitter retained; runtime verification remains deferrednded palette/inspector widths, ladder scene geometry, rails, and initial fit behavior; runtime verification remains deferred
GF-MASTER-0043,,Architecture,Migration-redundancy,Retired UI connection architecture and stale topology documentation reconciled to current ui.connections/Application-Core path,HIGH,REMEDIATED — VERIFICATION DEFERRED,ui.topology retired; TopologyAdapter documentation removed; ConnectionPreview unified; canonical Application/Core mutation preserved; historical evidence retained; runtime verification deferred,Yes,,,,,
GF-MASTER-0044,,Runtime,Verification,Source-level remediation lacks complete executable evidence,HIGH,REMEDIATED — VERIFICATION DEFERRED,Successful current test campaign not established,Yes,RUNTIME_DEFERRED,verification-state integrity,.github/workflows/targeted-remediation.yml; audit register,.github/workflows/targeted-remediation.yml; audit register,
GF-MASTER-0045,NEW contextual hover-readout,UI-SLD,Canvas interaction,Canonical contextual engineering-state hover and readout contract is composed,MEDIUM,STATICALLY VERIFIED,EquipmentItem now owns PresentationState with deterministic hover and readout text and the canvas accepts hover events; runtime GUI observation remains deferred,Yes,RUNTIME_DEFERRED,2026-09-29 target workspace re-audit,ui/items/equipment_item.py; ui/styling/presentation_style.py; ui/canvas/graphics_view.py,ui/items/equipment_item.py; ui/styling/presentation_style.py; ui/canvas/graphics_view.py,
GF-MASTER-0046,GF-AUD-001|GF-AUD-002|GF-AUD-004|GF-AUD-008|GF-AUD-009|GF-AUD-010|GF-AUD-011,Architecture,Historical aligned findings,Historical aligned findings lack fresh executable verification,MEDIUM,REMEDIATED — VERIFICATION DEFERRED,Historical source evidence is not current execution evidence,Yes,RUNTIME_DEFERRED,historical aligned reconciliation,current Core/Application/UI/SLD source; architecture reconciliation records,current Core/Application/UI/SLD source; architecture reconciliation records,
GF-MASTER-0047,GF-ARCH-A1|GF-ARCH-A2|GF-ARCH-A4|GF-ARCH-A5|GF-ARCH-A6|GF-ARCH-A7|GF-ARCH-A8|GF-ARCH-A9|GF-ARCH-A19|GF-ARCH-A20|GF-SLD-A1|GF-SLD-A2|GF-SLD-A4|GF-SLD-A5|GF-SLD-A6|GF-SLD-A7|GF-SLD-A8|GF-SLD-A53|GF-APP-A1|GF-APP-A2|GF-APP-A4|GF-APP-A5|GF-APP-A6|GF-APP-A7|GF-APP-A9|GF-APP-A10|GF-APP-A11|GF-APP-A12|GF-APP-A14|GF-APP-A15|GF-APP-A16|GF-APP-A18|GF-APP-A19|GF-APP-A20|GF-APP-A22|GF-APP-A23|GF-APP-A24|GF-CORE-A12|GF-CORE-A15|GF-CORE-A16|GF-CORE-A19|GF-CORE-A20|GF-PERSIST-A1|GF-PERSIST-A5|GF-PERSIST-A6|GF-PERSIST-A9|GF-PERSIST-A10,Architecture,Historical mandatory-ID coverage,Historical IDs preserved but source text not recovered,MEDIUM,DEFERRED,Exact historical finding cannot be reconstructed from current authoritative repository evidence,Yes,SOURCE_UNRESOLVED,historical text recovery,audit register/history only,audit register/history only,
GF-MASTER-0048,GF-ARCH-A3|GF-ARCH-A10|GF-ARCH-A12|GF-ARCH-A13|GF-ARCH-A14|GF-ARCH-A15|GF-ARCH-A17|GF-ARCH-A18|GF-ARCH-A22|GF-ARCH-A23|GF-ARCH-A26|GF-ARCH-A29|GF-ARCH-A30|GF-ARCH-A31|GF-ARCH-A32|GF-ARCH-A33|GF-ARCH-A35|GF-ARCH-A36|GF-ARCH-A37|GF-ARCH-A39|GF-ARCH-A40|GF-ARCH-A41|GF-ARCH-A42|GF-ARCH-A43|GF-ARCH-A44|GF-APP-A3|GF-APP-A8|GF-APP-A13|GF-APP-A27|GF-APP-A28|GF-APP-A29|GF-APP-A30|GF-APP-A31|GF-APP-A32|GF-APP-A33|GF-APP-A34|GF-APP-A36|GF-APP-A37a|GF-APP-A38|GF-APP-A39|GF-APP-A41|GF-APP-A42|GF-SLD-A3|GF-SLD-A9|GF-SLD-A10|GF-SLD-A11|GF-SLD-A12|GF-SLD-A13|GF-SLD-A14|GF-SLD-A15|GF-SLD-A16|GF-SLD-A17|GF-SLD-A18|GF-SLD-A19|GF-SLD-A20|GF-SLD-A21|GF-SLD-A22|GF-SLD-A23|GF-SLD-A24|GF-SLD-A25|GF-SLD-A26|GF-SLD-A27|GF-SLD-A28|GF-SLD-A29|GF-SLD-A30|GF-SLD-A31|GF-SLD-A33|GF-SLD-A34|GF-SLD-A35|GF-SLD-A37|GF-SLD-A38|GF-SLD-A39|GF-SLD-A40|GF-SLD-A41|GF-SLD-A42|GF-SLD-A43|GF-SLD-A44|GF-SLD-A45|GF-SLD-A46|GF-SLD-A47|GF-SLD-A48|GF-SLD-A49|GF-SLD-A50|GF-SLD-A52|GF-SLD-A54|GF-SLD-A55|GF-CORE-A13|GF-CORE-A17|GF-CORE-A18|GF-CORE-A21|GF-CORE-A22|GF-PERSIST-A7|GF-PERSIST-A8|GF-PERSIST-A11|GF-STUDY-A1|GF-STUDY-A2|GF-STUDY-A3|GF-STUDY-A4|GF-STUDY-A5|GF-STUDY-A6|GF-DOC-A1,Architecture-Core-Application-UI-SLD-Persistence-Study-Documentation,Historical mandatory-ID coverage,Preservation holding area for mandatory historical IDs,MEDIUM,DEFERRED,Original detailed text is not present in currently inspected authoritative registers,Yes,SOURCE_UNRESOLVED,historical text recovery,audit register/history only,audit register/history only,
GF-MASTER-0049,GF-WF-036-001,Validation,Application Validation,Relay models are omitted from Application project validation sweep,HIGH,STATIC CLOSED,ValidationService enumerates NetworkRegistry collections but omits the authoritative Relay collection even though Relay is a first-class Core model with validate(),Yes,,,,,
GF-MASTER-0050,RCA-SLD-AUTH-001,SLD,Authority-integration,Canonical semantic SLD reconciliation seam required correction and re-audit,CRITICAL,REMEDIATED — VERIFICATION DEFERRED,Application semantic events must reconcile authoritative ReadModels into SLDDocument without tool-specific SLD mutation; Batch 1C additionally restores canonical SET_SLD_NODE_PRESENTATION handler reachability and preserves node presentation in RemoveSLDNode undo restoration.,No runtime verification,,,,,
GF-MASTER-0051,RCA-SLD-AUTH-001-B31-001,SLD,Projection-document bridge,Semantic ReadModel to SLDDocument reconciliation seam corrected,HIGH,STATICALLY VERIFIED,SLDReadSynchronizer is the existing Application/UI integration seam and now supports deterministic initial placement hints,Runtime verification deferred,,,,,
GF-MASTER-0052,RCA-SLD-AUTH-001-B32-001,SLD,Presentation integration,Canvas rendering consumes the reconciled SLD document through renderer-neutral projection,HIGH,STATICALLY VERIFIED,SLDDocument → SLDCanvasProjection → SLDCanvasRenderSystem → SLDGraphicsItemFactory is statically present,Runtime verification deferred,,,,,
GF-MASTER-0053,RCA-003-B35-001,Application,Command authority,Legacy application.place_bus compound path reconciled to canonical model.create_bus,HIGH,STATICALLY VERIFIED,PlaceBusCommand now emits canonical CREATE_BUS; compound placement handler and obsolete semantic branch removed,Runtime verification deferred,,,,,
GF-MASTER-0054,ApplicationResult Core-object exposure,Application,Result contract,ApplicationResult.value remains an Application-internal Core/service result and is not forwarded to UI/SLD consumers,HIGH,STATIC CLOSED,"ApplicationResult explicitly documents value as Application-internal; repository-wide static tracing found no concrete UI/SLD consumer forwarding value, and UI-facing architecture remains ReadModel/event/projection based",No,,,,,
GF-MASTER-0055,Terminal identity,SLD,Endpoint identity,Generic multi-terminal presentation identity reconciled through SnapResult to EndpointReference and canonical Application command intent,HIGH,REMEDIATED — VERIFICATION DEFERRED,EndpointIdentityAdapter validates presentation terminal role and equipment identity without promoting terminal_id; connection commands accept EndpointReference only,Runtime verification deferred,,,,,
GF-MASTER-0056,RCA-SLD-AUTH-001-B36-001,SLD,Reconciliation runtime integrity,Reconciliation modules had unresolved runtime symbol/import references and event/document contract mismatches,HIGH,REMEDIATED — VERIFICATION DEFERRED,"ui/sld/sld_read_synchronizer.py and ui/events/sld_update_coordinator.py were corrected to use explicit SLD model imports, ApplicationEvent.payload, explicit document binding, and domain-scoped reconciliation",Static source correction only; no tests or CI,,,,,
GF-MASTER-0057,RCA-SLD-AUTH-001,SLD,Authority-integration,SLDUpdateCoordinator reuses canonical synchronizer projection manager,HIGH,REMEDIATED — VERIFICATION DEFERRED,Coordinator uses synchronizer.projection_manager; no second projection manager,No runtime verification,,,,,
GF-MASTER-0058,RCA-UI-DOCUMENT-002,UI,Document authority,SLDController is downstream to Application presentation,HIGH,REMEDIATED — VERIFICATION DEFERRED,Controller activation requires Application.presentation identity,No runtime verification,,,,,
GF-MASTER-0059,RCA-UI-DOCUMENT-004,UI,Document lifecycle,SLDService binding is constrained to Application-authoritative presentation,HIGH,REMEDIATED — VERIFICATION DEFERRED,SLDService rejects unrelated document binding and project lifecycle establishes the Application-authoritative presentation before presentation activation.,Runtime verification deferred,,,,,
GF-MASTER-0060,RCA-UI-DOCUMENT-006,UI,Document lifecycle,Project close clears stale SLD controller state,HIGH,REMEDIATED — VERIFICATION DEFERRED,SLDController handles ProjectClosed and clears active document state; Application presentation is cleared during project close.,No runtime verification,,,,,
GF-MASTER-0061,RCA-UI-DOCUMENT-003 / RCA-UI-DOCUMENT-007,UI,Plugin context,Lifecycle-safe Application presentation accessor added to PluginContext,MEDIUM,REMEDIATED — VERIFICATION DEFERRED,sld_document retained only as compatibility snapshot; active_presentation_document reads Application.presentation,Runtime verification deferred,,,,,
GF-MASTER-0062,RCA-UI-BOOTSTRAP-003,UI,Bootstrap,Redundant startup project activation,HIGH,REMEDIATED — VERIFICATION DEFERRED,main.py now configures the presentation factory before one explicit new_project activation and binds the resulting active presentation; no bootstrap SLD document is created for the transient initial context,Runtime verification deferred,RUNTIME_DEFERRED,startup/project activation,main.py; core/application/project_lifecycle.py; ui/workspace/project_workspace_adapter.py,main.py; core/application/project_lifecycle.py; ui/workspace/project_workspace_adapter.py,
GF-MASTER-0063,RCA-UI-BOOTSTRAP-004,UI,Projection bootstrap,Deterministic current-state projection reconciliation added,HIGH,STATIC CLOSED,SLDUpdateCoordinator.reconcile_current_state reconciles Application read state after projection construction,No runtime verification,,,,,
GF-MASTER-0064,RCA-UI-BOOTSTRAP-005,UI,Lifecycle authority,Workspace remains downstream of Application lifecycle,HIGH,REMEDIATED — VERIFICATION DEFERRED,No second Core project lifecycle authority introduced,Runtime verification deferred,,,,,
GF-MASTER-0065,RCA-UI-WORKSPACE-001,UI,Workspace rollback,WorkspaceRealizer compensates failed realization using prior layout,HIGH,REMEDIATED — VERIFICATION DEFERRED,Partial Qt realization is followed by deterministic restoration attempt,Runtime verification deferred,,,,,
GF-MASTER-0066,RCA-SLD-AUTH-002,SLD,Reference validation,Authored SLD equipment references are validated through Application read state,HIGH,STATIC CLOSED,SLDService validates network/protection read models before authored node creation,No runtime verification,,,,,
GF-MASTER-0067,RCA-SLD-CONN-002,SLD,Terminal/snap identity,Canonical terminal identity / terminal realization,HIGH,STATICALLY CLOSED — RUNTIME VERIFICATION DEFERRED,Core Terminal role to EndpointReference to SLD semantic endpoint to presentation anchor to SLDEndpointResolver to SLDConnectionItem is statically source-proven; projection preserves endpoint identity and RenderDiagnostic reports unresolved connection realization,Runtime verification deferred,,,,,
GF-MASTER-0068,RCA-SLD-PREVIEW-001,SLD,Preview,Bus placement preview uses existing PreviewLayer architecture,MEDIUM,STATIC CLOSED,PreviewLayer.show_bus and BusTool lifecycle are transient and presentation-only,No runtime verification,,,,,
GF-MASTER-0069,RCA-SLD-INTERACTION-002,UI,Interaction state,Concrete tools still retain local interaction state,MEDIUM,STATIC CLOSED,Concrete tool endpoint/preview state is transient interaction state and is not a competing Core or persistent SLD authority.,Static source verification; runtime deferred,,,,,
GF-MASTER-0070,RCA-APP-ID-001,Application,Identity compatibility,Measurement identity vocabulary sweep remains source-pending,HIGH,REMEDIATED — VERIFICATION DEFERRED,Measurement identity compatibility was not renamed or deleted without a complete consumer and persistence sweep,Source evidence pending,RUNTIME_DEFERRED,measurement identity vocabulary,core/model/ct.py; core/model/pt.py; core/model/cvt.py; core/measurement/measurement_channel.py; core/application/services/measurement_channel_service.py,core/model/ct.py; core/model/pt.py; core/model/cvt.py; core/measurement/measurement_channel.py; core/application/services/measurement_channel_service.py,
GF-MASTER-0071,RCA-SLD-CMD-001,Application,Command authority,Canonical placement command vocabulary retained,HIGH,STATIC CLOSED,Existing creation commands and compatibility PlaceBusCommand use the single Application command registry,No runtime verification,,,,,
GF-MASTER-0072,RCA-APP-VALIDATION-001,Application,Validation lifecycle,ValidationService cached validation is invalidated/reset across project activation and replacement lifecycle,HIGH,REMEDIATED — VERIFICATION DEFERRED,Application remains the sole project-transition validation coordinator via _run_project_transition(): successful activation invalidates ValidationService after lifecycle commit while failed activation does not invalidate; bootstrap.activate_project_state() no longer performs validation invalidation; execute/undo/redo invalidation remains intact; runtime verification deferred,Yes,,,,,
GF-MASTER-0073,RCA-APP-ENDPOINT-001,Application,Endpoint identity,Canonical EndpointReference now supports terminal resolution for unconnected terminals,CRITICAL,STATIC CLOSED,resolve_terminal_reference extends existing endpoint vocabulary without a second identity model,No runtime verification,,,,,
GF-MASTER-0074,RCA-SLD-CONN-001,SLD,Connection workflow,Canonical Application electrical connection/reconnection use cases added,CRITICAL,REMEDIATED — VERIFICATION DEFERRED,Existing command/service/EndpointReference/Core attach-detach workflow remains unchanged; this correction is limited to downstream SLD projection/rendering and does not add another command or topology authority,Runtime verification deferred,,,,,
GF-MASTER-0075,RCA-TOPO-CONDUCT-001,Core,Topology,Switching-family conduction contract,HIGH,STATIC CLOSED,"TopologyManager uses model-provided conducts when available and explicit fallback semantics for Breaker, Switch/Disconnector, Fuse, and generic Branch/Line/Cable/Transformer families; unsupported objects return false",Static source verification; runtime deferred,,,,,
GF-CTRL-CONSOLIDATED-20260926,GF-CTRL-B-004|GF-CTRL-D-003|GF-CTRL-D-004|GF-CTRL-E-002|GF-CTRL-E-006|GF-CTRL-I-001|GF-CTRL-I-002|GF-CTRL-I-004|GF-CTRL-I-008|GF-CTRL-J-003|GF-CTRL-J-004|GF-CTRL-K-001|GF-CTRL-K-005|GF-CTRL-L-001|GF-CTRL-L-002|GF-CTRL-L-003|GF-CTRL-L-004|GF-CTRL-M-001|GF-CTRL-M-006|GF-CTRL-N-001|GF-CTRL-N-002|GF-CTRL-N-003|GF-CTRL-O-001|GF-CTRL-P-001|GF-CTRL-P-002|GF-CTRL-P-003|GF-CTRL-P-004|GF-CTRL-Q-002|GF-CTRL-Q-003|GF-CTRL-R-001|GF-CTRL-R-002|GF-CTRL-R-003|GF-CTRL-R-004,Control,Control subsystem,Consolidated Control remediation root-cause record,HIGH,REMEDIATED — VERIFICATION DEFERRED,One project-owned ControlConfiguration; Application-owned lifecycle/read boundary; versioned persistence/reconstruction; immutable commands; atomic LogicEngine evaluation; ActionBinding/interlock/dynamic configuration; semantic undo/redo; quality-aware signal contract; solver-neutral DynamicControl adapter/global layout. Full AVR/PSS physical excitation and complete DAE wiring remain deferred because the current classical machine model exposes fixed Efd.,Yes,,,,,
GF-CTRL-ACT-001,,Control,Runtime Lifecycle,Control runtime not fully composed into Application,HIGH,REMEDIATED — VERIFICATION DEFERRED,Application now owns the canonical ControlEngine and ControlCycleService around the existing ControlApplicationService and ControlExecutionService.,Yes,,,,,
GF-CTRL-ACT-002,,Control,Runtime Lifecycle,ControlEngine must follow active LadderProgram.engine,HIGH,REMEDIATED — VERIFICATION DEFERRED,ControlEngine.configure() atomically binds configuration.program.engine and validates bindings before commit.,Yes,,,,,
GF-CTRL-ACT-003,,Control,Project Lifecycle,Project activation/replacement must atomically synchronize Control runtime,HIGH,REMEDIATED — VERIFICATION DEFERRED,"ProjectStateActivator validates project identity, rebinds ControlEngine with activation generation, and participates in the existing lifecycle rollback transaction.",Yes,,,,,
GF-CTRL-ACT-004,,Control,Project Lifecycle,Close and rollback must restore/clear complete Control runtime,HIGH,REMEDIATED — VERIFICATION DEFERRED,Successful close deactivates ControlEngine; failed activation restores the previous Control configuration and generation together with lifecycle compensation.,Yes,,,,,
GF-CTRL-ACT-005,,Control,Execution Boundary,No single Application-owned public Control-cycle boundary,HIGH,REMEDIATED — VERIFICATION DEFERRED,Application.execute_control_cycle() is the sole production-facing cycle façade and delegates to the canonical ControlCycleService.,Yes,,,,,
GF-CTRL-ACT-006,,Control,Dynamic Control,DynamicControlAssociation activation semantics require explicit contract,MEDIUM/HIGH,REMEDIATED — VERIFICATION DEFERRED,DynamicControlAssociation remains identifier-only persisted configuration; no fake live plugin runtime is created or serialized. Existing DynamicControlRuntime remains the single adapter/runtime contract.,Yes,,,,,
GF-CTRL-ACT-007,,Control,Runtime Identity,Project identity/activation-generation runtime invariant,HIGH,REMEDIATED — VERIFICATION DEFERRED,"Application cycle execution validates active project identity, configuration identity, LogicEngine identity, and ControlEngine activation generation against ProjectLifecycleService.",Yes,,,,,
GF-MASTER-0076,GF-CTRL-CON-001,Control,Ladder Connection,Control connection interaction must select explicit output and input ports,HIGH,REMEDIATED — VERIFICATION DEFERRED,LadderInteraction now resolves ControlPortPresentation identities and ConnectControlSignals carries the selected source_output and target_input through Application.execute().,Yes,,,,,
GF-MASTER-0077,GF-CTRL-CON-002,Control,Ladder Connection,Connection preview must remain transient and port-aware,HIGH,REMEDIATED — VERIFICATION DEFERRED,ControlCanvas owns transient connection preview geometry; no Core/Application state is changed until the second port selection executes the command.,Yes,,,,,
GF-MASTER-0078,GF-CTRL-CON-003,Control,Ladder Connection,Disconnect must identify the rendered connection identity,HIGH,REMEDIATED — VERIFICATION DEFERRED,Rendered connections retain the authoritative endpoint tuple as presentation identity and DisconnectControlSignals is built from that selected connection.,Yes,,,,,
GF-MASTER-0079,GF-CTRL-CON-004,Control,Ladder Connection,Connection rendering must use read-model endpoints rather than geometry inference,HIGH,REMEDIATED — VERIFICATION DEFERRED,ControlCanvas projects ControlConnectionReadModel endpoints through the corresponding presentation ports.,Yes,,,,,
GF-MASTER-0080,GF-CTRL-CON-010,Control,Ladder Placement,Component placement must target the rung selected from cursor geometry,HIGH,REMEDIATED — VERIFICATION DEFERRED,LadderGeometryPolicy.snap_rung() resolves the target rung and snap_position() supplies the persisted position to AddControlComponent.,Yes,,,,,
GF-MASTER-0081,GF-CTRL-CON-011,Control,Ladder Geometry,Canvas must consume authoritative persisted component positions,HIGH,REMEDIATED — VERIFICATION DEFERRED,ControlCanvas consumes ControlComponentReadModel.position or LadderRungReadModel.positions and no longer reconstructs position from component_ids.index().,Yes,,,,,
GF-MASTER-0082,GF-CTRL-UI-004,Control,Inspector,Control component configuration must remain read-model driven,HIGH,REMEDIATED — VERIFICATION DEFERRED,Inspector reads immutable Control read models and routes persistent configuration through Application commands; Action Binding now requires explicit output selection.,Yes,,,,,
GF-MASTER-0083,GF-CTRL-UI-008,Control,Ladder Selection,Selected rung must be explicit UI state,HIGH,REMEDIATED — VERIFICATION DEFERRED,"LadderInteraction maintains selected_rung_id, updates it from rung/component interaction, and toolbar actions resolve only that selected rung.",Yes,,,,,
GF-MASTER-0084,GF-CTRL-UI-010,Control,Ladder Preview,Component previews must be semantic presentation symbols,HIGH,REMEDIATED — VERIFICATION DEFERRED,ControlCanvas creates transient symbol-specific Control item previews instead of generic QGraphicsRectItem previews.,Yes,,,,,
GF-MASTER-0085,GF-CTRL-UI-011,Control,Palette Capability,Palette availability must distinguish component-specific capabilities,HIGH,REMEDIATED — VERIFICATION DEFERRED,Application.supports_control_component() combines registered command support with the Application Control service's authoritative component factory capability.,Yes,,,,,
GF-MASTER-0086,GF-CTRL-UI-013,Control,Lifecycle,Control workspace must clear transient and selection state on project close,HIGH,REMEDIATED — VERIFICATION DEFERRED,"ControlUpdateCoordinator handles ProjectClosed without read_control(), resets the canvas, and workspace lifecycle handling clears tool, preview, component, and rung selection.",Yes,,,,,
GF-MASTER-0087,GF-CTRL-UI-014,Control,Projection,Control workspace must use one authoritative semantic-event projection path,HIGH,REMEDIATED — VERIFICATION DEFERRED,ControlUpdateCoordinator is the projection owner; workspace refresh delegates to coordinator.refresh_current() and event subscriptions use the same coordinator path.,Yes,,,,,
GF-MASTER-0088,GF-CTRL-UI-015,Control,Interlock/Binding UI,"Logic Interlock, Control Interlock, and Action Binding must not be ambiguous ladder components",HIGH,REMEDIATED — VERIFICATION DEFERRED,Palette entries distinguish Logic Interlock from Control Interlock; Control Interlock and Action Binding enter Inspector configuration workflows rather than AddControlComponent.,Yes,,,,,
GF-MASTER-0089,Batches 1–30 consolidated correction / 2026-09-26,Architecture,Tool / Endpoint / SLD Connection,"Consolidated runtime-authority, endpoint-identity, symbol-anchor, and Core/SLD connection atomicity remediation",CRITICAL,REMEDIATED — VERIFICATION DEFERRED,ToolManager is the sole active-tool authority; connection presentation is coordinated by Application pre-commit in the same transaction; bus attachment identity is carried by EndpointReference; bidirectional symbol-anchor validation is enforced; runtime verification remains deferred,Yes,,,,,
GF-MASTER-0090,Complete creation contract closure / 2026-09-27,Architecture,SLD Equipment Creation,Canonical CreationDefinition-driven creation lifecycle and command preparation,CRITICAL,STATICALLY CLOSED — RUNTIME VERIFICATION DEFERRED,CreationDefinition is authoritative for schemas/topology/terminals/command mapping; CreationContext is generic; CreationDraft is transient; Property Editor creation mode is bound to the draft; ToolManager owns lifecycle/cancellation/rollback; command preparation is explicit; GF-MASTER-0091 is resolved by authoritative PT contract decision.,Yes,,,,,
GF-MASTER-0091,Creation contract PT frequency gap / 2026-09-27,Core/Application,PT Creation,PT creation schema requested frequency_hz but authoritative PT Core/Application contract has no frequency field,HIGH,STATICALLY CLOSED — RUNTIME VERIFICATION DEFERRED,"Authoritative PT Core model, create/update commands, service, and read-side engineering vocabulary do not contain frequency_hz; canonical CreationDefinition correctly omits it rather than inventing a UI-only field.",Yes,,,,,

WF-CREATION-NEW-01,UI/Application command boundary,Creation,Creation workflow,UI creation definition/factory directly constructed Application commands,CRITICAL,STATICALLY VERIFIED,CreationDefinition now carries only canonical Application command type metadata; UI CreationCommandFactory emits immutable CreationCommitIntent; Application.prepare_creation_command() owns command construction.,No runtime verification,,,,,
WF-CREATION-NEW-02,CT/PT/CVT terminal requirements,Creation,Creation workflow,Measurement terminal declarations were non-required,CRITICAL,STATICALLY VERIFIED,CreationTerminalRequirement now explicitly carries required/cardinality/allowed_connection_types/acquisition_state; catalogue terminals are mandatory and validated before commit.,No runtime verification,,,,,
WF-CREATION-NEW-03,Multi-terminal identity,Creation,Creation workflow,Generic endpoint assumptions could collapse specialized measurement terminals,CRITICAL,STATICALLY VERIFIED,"CT P1/P2/S1/S2, PT primary_a/primary_b/secondary_a/secondary_b, and CVT H1/H2/X1/X2 remain distinct canonical terminal mappings and acquisition slots.",No runtime verification,,,,,
WF-CREATION-NEW-04,Tool lifecycle,Creation,Creation workflow,Tool switching/reactivation could discard active creation state,HIGH,STATICALLY VERIFIED,Same-tool activation continues an active draft; switching with an active draft is rejected until explicit cancellation; cancellation is observable through the controller callback when supported.,No runtime verification,,,,,
WF-CREATION-NEW-05,Inspection editor,Creation,Creation workflow,EngineeringParameterEditor had hard-coded equipment-specific update builders,HIGH,STATICALLY VERIFIED,UI now emits typed EngineeringConfigurationIntent; Application.prepare_engineering_update() owns update-command construction and supports the existing update command catalogue.,No runtime verification,,,,,
WF-CREATION-NEW-06,Creation command contract,Creation,Creation workflow,CreationDefinition and immutable command signatures required final reconciliation,CRITICAL,STATICALLY VERIFIED,"CreationDefinition uses Application command types; verify_creation_contracts() checks ID, parameter, endpoint, terminal, conditional, and required-command-field mappings against authoritative Application command signatures.",No runtime verification,,,,,
WF-CREATION-NEW-07,Preview configuration state,Creation,Creation workflow,Preview did not consume transient configuration-sensitive presentation state,MEDIUM/HIGH,STATICALLY VERIFIED,CreationDraft maintains transient preview_state and SymbolPreviewItem receives that presentation-only snapshot; no Core object is created for preview.,No runtime verification,,,,,
WF-CREATION-NEW-08,Creation lifecycle ownership,Creation,Creation workflow,"ToolManager, CreationContext, and ToolBase could carry conflicting lifecycle semantics",HIGH,STATICALLY VERIFIED,ToolManager remains the lifecycle authority; CreationContext owns only the single draft/session; ModelPlacementTool owns interaction only and delegates commit preparation to Application.,No runtime verification,,,,,
GF-MASTER-0092,,Study,Contingency,Duplicate/legacy contingency authority removed; canonical Application StudyService registration reconciled,CRITICAL,REMEDIATED,The legacy core/solver/contingency executable path was retired; contingency is registered only through Application StudyService and delegates to core/analysis/contingency over detached study state.,Yes,RUNTIME_DEFERRED,audit/GF_MASTER_0092_CONTINGENCY_AUTHORITY_REMEDIATION_2026-09-27.md; core/application/bootstrap.py; core/analysis/contingency.py,,core/analysis/contingency.py; core/application/bootstrap.py; core/application/study.py; core/application/study_preparation.py,Historical legacy contingency implementation retained only through prior audit evidence; runtime verification deferred
GF-MASTER-0093,,Study/UI,Study Projection,StudyProjection used an obsolete/incomplete Application.study_result() signature,HIGH,REMEDIATED,"Projection now consumes Application.read_study_result(), resolving active project/generation and returning StudyResultReadModel.",Yes,STATICALLY_VERIFIED — RUNTIME DEFERRED,2026-09-27 result-integrity reconciliation,ui/projection/study_projection.py; core/application/application.py; core/application/read_service.py; core/application/read_models.py,ui/projection/study_projection.py; core/application/application.py; core/application/read_service.py; core/application/read_models.py,Corrected as part of GF-MASTER-0099 dependency chain
GF-MASTER-0094,,Study/UI,Study Cases,Study Cases Run Study action was not wired to production Application study execution,HIGH,REMEDIATED — VERIFICATION DEFERRED,"Application-owned StudyCaseDefinition capture, structured StudyCaseRow projection, UUID-preserving panel selection, dedicated StudyCaseController, and main.py set_run_handler() wiring to Application.execute_study_case() → Application.execute_study(). Persistence gap explicitly documented; no duplicate study authority introduced.",Yes,STATIC_VERIFIED,2026-09-27 GF-MASTER-0094 Study Case Run remediation,core/application/study.py; core/application/application.py; ui/projection/study_projection.py; ui/panels/study_cases_panel.py; ui/controllers/study_case_controller.py; main.py,audit/GF_MASTER_0094_STUDY_CASE_RUN_REMEDIATION_2026-09-27.md,Runtime/tests/CI/startup/GUI verification deferred; Study Case persistence is not part of the existing project persistence contract
GF-MASTER-0099,,Study,Study Result Integrity,"Study results required one canonical publication/read path, immutable exposure, provenance, freshness handling, and duplicate-authority elimination",CRITICAL,REMEDIATED,Application StudyService remains the sole execution/publication authority; StudyReadService is the UI read boundary; StudyResultReadModel carries identity/provenance/freshness; dynamic wrapper authority collapsed; contingency result records immutable.,Yes,STATICALLY VERIFIED — RUNTIME DEFERRED,audit/GF_MASTER_0094_STUDY_RESULT_INTEGRITY_REMEDIATION_2026-09-27.md,,core/application/study.py; core/application/application.py; core/application/read_service.py; core/application/read_models.py; ui/projection/study_projection.py; core/analysis/contingency.py; core/analysis/transient_stability.py,Runtime verification deferred; stable configuration-ID contract remains an existing architectural dependency
GF-MASTER-0095,,Audit governance,Master Register,Master register canonical repository authority is reconciled,HIGH,RESOLVED — REGISTER RECONCILED,Current canonical repository and branch are consistently identified as pandaraseswari03-collab/GridForge:main; historical repository identities are explicitly retained as provenance only.,No,STATIC_VERIFIED,2026-09-27 register reconciliation,audit/MASTER_AUDIT_REGISTER.md; audit/MASTER_AUDIT_REGISTER.csv; audit/MASTER_AUDIT_REGISTER_METADATA.md,Historical governance finding retained for traceability,Register metadata corrected; no production-code change
GF-MASTER-0096,,Protection,UI/workspace,Protection engineer-facing workspace is explicitly unconfigured,HIGH,REMEDIATED — VERIFICATION DEFERRED,"Protection backend/composition exists, but main.py routes the Protection action to an unconfigured-surface path instead of a configured engineer-facing workspace.",Yes,RUNTIME_DEFERRED,Protection workspace correction,main.py; ui/protection/protection_workspace.py; core/application/read_service.py,main.py; ui/protection/protection_workspace.py; core/application/read_service.py,New finding
GF-MASTER-0097,,Control,UI/workspace,Control execution runtime is not exposed by the engineer-facing Control workspace,HIGH,REMEDIATED — VERIFICATION DEFERRED,"Application owns execute_control_cycle() and the runtime chain, but ControlToolbar/ControlWorkspace exposes editing and lifecycle actions without a control-cycle execution action.",Yes,RUNTIME_DEFERRED,Control execution workspace correction,core/application/application.py; ui/control/control_toolbar.py; ui/control/control_workspace.py,core/application/application.py; ui/control/control_toolbar.py; ui/control/control_workspace.py,New finding
GF-MASTER-0098,,Dynamics,Plugin/Core integration,Dynamics plugins import absent Core model modules,HIGH,REMEDIATED — VERIFICATION DEFERRED,AVR and Governor plugins import core.model.avr and core.model.governor modules absent from the current core/model tree; PSS participates in the same plugin/Core dependency-drift cluster.,Yes,RUNTIME_DEFERRED,Dynamics plugin dependency drift correction,plugins/dynamics/avr/__init__.py; plugins/dynamics/governor/__init__.py; plugins/dynamics/pss/__init__.py; core/model/,plugins/dynamics/avr/__init__.py; plugins/dynamics/governor/__init__.py; plugins/dynamics/pss/__init__.py; core/model/,New finding
GF-SLD-CANVAS-040,,SLD,Canvas rendering,Renderer exposes structured node realization diagnostics and a callable diagnostic-sink binding,HIGH,STATICALLY VERIFIED — RUNTIME VERIFICATION DEFERRED,SLDCanvasRenderSystem retains structured RenderDiagnostic records and now incrementally reconciles existing scene state; node realization failures remain explicit and are not silently discarded. Runtime delivery/visibility remains deferred.,Yes,RUNTIME_DEFERRED,2026-09-28 SLD Creation-to-Canvas static correction,ui/canvas/sld_canvas_render_system.py; ui/plugins/canvas_plugin.py; ui/events/sld_update_coordinator.py,ui/canvas/sld_canvas_render_system.py,Current correction
GF-SLD-CANVAS-041,,SLD,Placement interaction,Generic placement provides transient preview and an explicit final Create / Commit Equipment action after configuration/placement/endpoint validation,HIGH,STATICALLY VERIFIED — RUNTIME VERIFICATION DEFERRED,ModelPlacementTool now prepares and executes the immutable Application creation command only through the ToolManager/Controller commit boundary; PropertiesPanel exposes the explicit final action. Runtime interaction remains deferred.,Yes,RUNTIME_DEFERRED,2026-09-28 SLD Creation-to-Canvas static correction,ui/tools/model_placement_tool.py; ui/creation/command_factory.py; ui/core/tool_manager.py; ui/core/controller.py; ui/panels/default_panels.py,ui/tools/model_placement_tool.py,Current correction
GF-SLD-CANVAS-042,GF-SLD-UI-PALETTE-001,UI/SLD,Equipment palette,Visible equipment palette resolves canonical symbol IDs through SymbolRegistry and preserves engineering text primitives in the palette icon adapter,HIGH,REMEDIATED — VERIFICATION DEFERRED,EquipmentPanelWidget consumes the canonical SymbolRegistry through PaletteSymbolAdapter; palette rendering now also draws SymbolDefinition text primitives such as G/M/PT/relay function labels, with no duplicate symbol authority,Yes,RUNTIME_DEFERRED,2026-09-28 full-completion static re-audit,ui/panels/default_panels.py; ui/equipment/symbol/palette_symbol_adapter.py; ui/plugins/plugin_context.py; ui/plugins/panels_plugin.py; main.py,GF-SLD-UI-PALETTE-001 retained as legacy identity
GF-SLD-UI-PALETTE-002,,UI/SLD,Equipment palette activation,Canonical palette activation remains EquipmentRegistry.require to tool_id to ToolManager.activate after icon integration,HIGH,STATICALLY VERIFIED — RUNTIME UNVERIFIED,Icon presentation is independent of activation identity and does not create tools or Core state,Yes,UNVERIFIED,2026-09-27 SLD Canvas Palette and Rendering Correction,,ui/panels/default_panels.py; ui/core/tool_manager.py; ui/tools/default_tool_registry.py,Current activation finding reconciled
GF-TRACE-001,,Application/UI,Selection read contract,Application read-model plural element types reached the singular Core NetworkRegistry lookup unchanged,HIGH,REMEDIATED — STATIC VERIFICATION COMPLETE; RUNTIME DEFERRED,NetworkReadService now explicitly maps read-model collection vocabulary to canonical Core registry types before Network.get_by_id(); Core registry remains singular and authoritative.,Yes,RUNTIME_DEFERRED,audit/GF_TRACE_001_002_REMEDIATION_2026-09-28.md,,core/application/read_service.py; ui/projection/selection_projection_coordinator.py; core/network/registry.py,Runtime GUI selection/inspector verification deferred
GF-TRACE-002,,UI/Application,Creation lifecycle,"Synchronous selection projection could fail after command commit but before CreationContext completion, leaving an active draft",HIGH,REMEDIATED — STATIC VERIFICATION COMPLETE; RUNTIME DEFERRED,ModelPlacementTool and BusTool now complete the transient creation session and clear tool state immediately after command execution and before selection projection.,Yes,RUNTIME_DEFERRED,audit/GF_TRACE_001_002_REMEDIATION_2026-09-28.md,,ui/tools/model_placement_tool.py; ui/tools/bus_tool.py; ui/creation/creation_context.py,Runtime repeated-placement/switching verification deferred
GF-TRACE-003,,UI,Equipment Palette / Tool Lifecycle,Palette switched directly to another tool while shared CreationContext remained active,HIGH,REMEDIATED — STATIC VERIFICATION COMPLETE; RUNTIME DEFERRED,EquipmentPanelWidget now explicitly calls ToolManager.cancel() before activating a different palette tool; ToolManager active-creation guard remains authoritative.,Yes,RUNTIME_DEFERRED,ui/panels/default_panels.py; ui/core/tool_manager.py; ui/creation/creation_context.py,,,Runtime palette-switch verification deferred
GF-DRAFT-COMMIT-001,,Application,DraftEquipment,Persistent Application-owned draft equipment aggregate was missing,CRITICAL,VERIFIED STATIC,"DraftEquipment is Application-owned and has stable draft identity, terminal contract, engineering data, placement, presentation and validation state without a Core ID.",Yes,RUNTIME_DEFERRED,audit/DRAFT_NETWORK_COMMIT_REMEDIATION_2026-09-28.md,core/application/draft/network.py,core/application/draft/network.py,New finding; historical creation findings retained
GF-DRAFT-COMMIT-002,,Application,DraftConnection,Draft wire state could cross directly into Core,CRITICAL,VERIFIED STATIC,WireTool now creates DraftConnection through AddDraftConnectionCommand.,Yes,RUNTIME_DEFERRED,audit/DRAFT_NETWORK_COMMIT_REMEDIATION_2026-09-28.md,ui/tools/wire_tool.py; core/application/draft/network.py,ui/tools/wire_tool.py; core/application/commands/draft_commands.py,New finding
GF-DRAFT-COMMIT-003,,Application,DraftNetwork scope,Draft state lacked explicit project/generation scope,HIGH,VERIFIED STATIC,DraftNetwork and CommitNetworkHandler enforce project_id and activation_generation.,Yes,RUNTIME_DEFERRED,audit/DRAFT_NETWORK_COMMIT_REMEDIATION_2026-09-28.md,core/application/draft/network.py; core/application/draft/handlers.py,core/application/draft/network.py; core/application/bootstrap.py,New finding
GF-DRAFT-COMMIT-004,,Application,Aggregate commit,No single immutable Draft-to-Core commit boundary,CRITICAL,VERIFIED STATIC,CommitNetworkCommand is registered in the existing CommandManager pipeline and CommitNetworkHandler orchestrates existing ModelServices inside its supplied Transaction.,Yes,RUNTIME_DEFERRED,audit/DRAFT_NETWORK_COMMIT_REMEDIATION_2026-09-28.md,core/application/commands/draft_commands.py; core/application/draft/handlers.py; core/application/bootstrap.py,core/application/commands/draft_commands.py; core/application/draft/handlers.py,New finding
GF-DRAFT-COMMIT-005,,Application,Aggregate rollback/history,Aggregate commit needed one undo journal,CRITICAL,VERIFIED STATIC,Core inverses and draft restoration are recorded against the same Transaction; the outer command remains one history record.,Yes,RUNTIME_DEFERRED,audit/DRAFT_NETWORK_COMMIT_REMEDIATION_2026-09-28.md,core/application/draft/handlers.py; core/application/command_manager.py,core/application/draft/handlers.py; core/application/command_manager.py,New finding
GF-DRAFT-COMMIT-006,,SLD,Draft/committed binding,Draft presentation required explicit rebinding,HIGH,STATICALLY VERIFIED,Application pre-commit replaces draft SLD representations with Core-bound projection representations in the same transaction; complete snap/projection closure remains open.,Yes,RUNTIME_DEFERRED,audit/DRAFT_NETWORK_COMMIT_REMEDIATION_2026-09-28.md,core/application/application.py; core/application/services/sld_service.py,core/application/application.py; ui/tools/model_placement_tool.py,New finding
GF-DRAFT-COMMIT-007,,Persistence,DraftNetwork,Unfinished draft state was not part of project persistence,CRITICAL,VERIFIED STATIC,LoadedProject and ProjectPersistenceService persist project.json.draft_network with an empty default for legacy projects.,Yes,RUNTIME_DEFERRED,audit/DRAFT_NETWORK_COMMIT_REMEDIATION_2026-09-28.md,core/persistence/project_persistence.py; core/application/bootstrap.py,core/persistence/project_persistence.py; core/application/bootstrap.py,New finding
GF-DRAFT-COMMIT-008,,UI,Tool switching,Transient CreationContext and persistent engineering draft needed separation,HIGH,VERIFIED STATIC,ToolManager invokes the ModelPlacementTool persistence hook before explicit cancellation during tool switching.,Yes,RUNTIME_DEFERRED,audit/DRAFT_NETWORK_COMMIT_REMEDIATION_2026-09-28.md,ui/core/tool_manager.py; ui/tools/model_placement_tool.py,ui/core/tool_manager.py; ui/tools/model_placement_tool.py,New finding
GF-DRAFT-COMMIT-009,,UI,Property panel Draft mode,CreationDraft engineering configuration is exposed through the canonical PropertiesPanel,HIGH,STATICALLY VERIFIED,PropertiesPanelWidget renders the CreationDraft parameter_schema and updates CreationContext values; Create / Commit Equipment is enabled only for complete configuration with placement and validate_for_commit(), then delegates to the canonical creation controller.,Yes,RUNTIME_DEFERRED,ui/panels/default_panels.py; ui/creation/creation_context.py; ui/tools/model_placement_tool.py,Current creation-mode property panel and commit path,Existing finding reconciled
GF-DRAFT-COMMIT-010,,UI,Draft terminal snapping,Draft terminal identity is retained through placement and wire snapping,CRITICAL,STATICALLY VERIFIED,ModelPlacementTool and WireTool derive DraftEndpoint from snap draft_id and terminal_name; DraftNetwork validates terminal roles and CommitNetworkHandler converts draft endpoints to canonical EndpointReference.,Yes,RUNTIME_DEFERRED,ui/tools/model_placement_tool.py; ui/tools/wire_tool.py; core/application/draft/network.py; core/application/draft/handlers.py,,Current draft snap and commit endpoint path,Existing finding reconciled
GF-DRAFT-COMMIT-011,,Application,Draft validation,Full post-load engineering validation contract remains incomplete,HIGH,STATICALLY VERIFIED,DraftNetwork.validate now re-validates each DraftEquipment against its typed CreationCommand contract before Core mutation,Yes,RUNTIME_DEFERRED,audit/DRAFT_NETWORK_COMMIT_REMEDIATION_2026-09-28.md,core/application/draft/network.py,core/application/draft/network.py,New finding
GF-DRAFT-COMMIT-012,,UI/Application,Commit action,Canonical COMMIT NETWORK workspace action is wired to network.commit_draft,HIGH,STATICALLY VERIFIED,Project menu exposes one visible COMMIT NETWORK action; UIActionRouter dispatches it to main.py, which validates the active DraftNetwork and executes immutable CommitNetworkCommand through Application.execute(); NetworkCommitted is now routed into SLDUpdateCoordinator.,Yes,RUNTIME_DEFERRED,main.py; ui/plugins/menu_plugin.py; ui/core/action_router.py; core/application/commands/draft_commands.py; core/application/application.py; core/application/draft/handlers.py; ui/events/sld_update_coordinator.py,Current main.py/menu/action/event routing,No duplicate ID; existing finding reconciled
GF-MASTER-0100,,UI/SLD,Protection read boundary,Relay selection resolves through ProtectionReadService,HIGH,REMEDIATED — VERIFICATION DEFERRED,2026-09-28 static closure reconciliation,Yes,RUNTIME_DEFERRED,2026-09-28 master closure static re-audit,ui/projection/selection_projection_coordinator.py; core/application/read_service.py,ui/projection/selection_projection_coordinator.py; core/application/read_service.py,New finding confirmed during current closure pass
GF-MASTER-0101,,UI/Application,Property Panel,Editable fields use typed engineering intents and Application command preparation,HIGH,REMEDIATED — VERIFICATION DEFERRED,2026-09-28 static closure reconciliation,Yes,RUNTIME_DEFERRED,2026-09-28 master closure static re-audit,ui/panels/default_panels.py; core/application/application.py; core/application/engineering_configuration.py,ui/panels/default_panels.py; core/application/application.py; core/application/engineering_configuration.py,New finding confirmed during current closure pass
GF-MASTER-0102,,UI/Application,Selection deletion,Selection maps to existing typed DeleteCommand and Application.execute(),HIGH,REMEDIATED — VERIFICATION DEFERRED,2026-09-28 static closure reconciliation,Yes,RUNTIME_DEFERRED,2026-09-28 master closure static re-audit,main.py; core/application/commands/model_commands.py; core/application/commands/measurement_commands.py; core/application/commands/relay_commands.py; core/application/application.py,main.py; core/application/commands/model_commands.py; core/application/commands/measurement_commands.py; core/application/commands/relay_commands.py; core/application/application.py,New finding confirmed during current closure pass
GF-MASTER-0103,STY-001|STY-002|STY-003|STY-004|STY-005|STY-006|STY-007|STY-008|STY-009|STY-010|STY-011|STY-012|STY-013|STY-014|STY-015|STY-016|STY-017|STY-018|STY-019|STY-020|STY-021|STY-022|STY-023|STY-024|STY-025|STY-026|STY-027|STY-028|STY-029|STY-030|STY-031|STY-032|STY-033|STY-034,UI/SLD,Engineering Visual System,Complete styling architecture and engineering visual-system reconciliation,HIGH,REMEDIATED — VERIFICATION DEFERRED,Canonical Theme -> StyleTokens -> StyleManager -> resolved QSS and active QApplication token context now drive both widget QSS and graphics presentation helpers; canvas/grid consumers no longer bind directly to DEFAULT_STYLE_TOKENS.,Yes,RUNTIME_DEFERRED,audit/STYLING_AUDIT_CLOSURE_2026-09-28.md; 2026-09-28 active-theme consumer re-audit,,ui/styling/style_tokens.py; ui/styling/theme.py; ui/styling/style_manager.py; ui/styling/presentation_style.py; ui/styling/stylesheet.qss; ui/canvas/grid_scene.py; ui/canvas/graphics_view.py; ui/items/equipment_item.py; ui/items/bus_item.py; ui/items/line_item.py; ui/items/control_items.py; ui/canvas/control_canvas.py; ui/sld/items/sld_connection_item.py; ui/sld/items/sld_node_item.py; ui/canvas/symbol_preview_item.py,STY identifiers preserved as historical audit targets; static consumer re-audit completed on current main; runtime visual verification remains deferred.; Batch 26.3 adds list_background/list_foreground tokens and explicit editor/list/tree/table/header/disabled QSS coverage; white SLD canvas remains isolated; runtime visual verification remains deferrednct editor/table tokens while preserving white SLD canvas; runtime visual verification remains deferred
GF-MASTER-0104,,UI/Styling,Theme consumer/canvas contract,Graphics helpers bypassed active Theme tokens by default and the SLD canvas token was not the required white canvas contract,HIGH,REMEDIATED — VERIFICATION REQUIRED,visual_brush and visual_font defaulted to DEFAULT_STYLE_TOKENS and the canvas_background token was dark despite the required white SLD canvas; corrected to resolve active QApplication tokens and a white canvas token,Yes,RUNTIME_DEFERRED,2026-09-28 full-completion re-audit,ui/styling/presentation_style.py; ui/styling/style_tokens.py; ui/canvas/graphics_view.py; ui/canvas/grid_scene.py,ui/styling/presentation_style.py; ui/styling/style_tokens.py; ui/canvas/graphics_view.py; ui/canvas/grid_scene.py,Batch 26.3 enforces semantic editor/list/table surfaces and keeps canvas_background dedicated to the white SLD canvas; runtime contrast verification remains deferrednds from canvas_background to eliminate light-on-white Properties/Element/Messages controls
GF-MASTER-0105,,UI/Workspace,Engineering workspace tabs,Target SLD Topology Map Reports tabs were missing as shared project-state projections,HIGH,REMEDIATED — VERIFICATION REQUIRED,EngineeringWorkspaceTabs now presents SLD Topology Map Reports plus existing Control and Protection surfaces; projections consume Application read models or persisted SLD geometry,Yes,RUNTIME_DEFERRED,audit/FULL_TARGET_WORKSPACE_REAUDIT_2026-09-29.md,ui/workspace/engineering_workspace_tabs.py; ui/control/control_surface_host.py; main.py; ui/plugins/menu_plugin.py; ui/plugins/toolbar_plugin.py,ui/workspace/engineering_workspace_tabs.py; ui/control/control_surface_host.py; main.py; ui/plugins/menu_plugin.py; ui/plugins/toolbar_plugin.py,Batch 26.3 retains dock bindings during layout changes and makes workspace removal presentation-only; native QMainWindow resizing remains authoritative; runtime switching/resizing verification remains deferredng 2026-09-29 target workspace pass; Batch 26.2 adds explicit dock proportion realization while retaining user-resizable QDockWidgets; workspace-switch runtime verification remains deferred
GF-MASTER-0106,,UI/Header,Application header and search,Target application header project context search notifications help and user role presentation was incomplete,HIGH,STATICALLY VERIFIED,ShellPlugin now composes a real application header with project context and Application read-model search; search selects the canonical UI object through SelectionManager,Yes,RUNTIME_DEFERRED,audit/FULL_TARGET_WORKSPACE_REAUDIT_2026-09-29.md,ui/plugins/shell_plugin.py; ui/styling/stylesheet.qss,ui/plugins/shell_plugin.py; ui/styling/stylesheet.qss,New finding confirmed during 2026-09-29 target workspace pass
GF-MASTER-0107,,UI/Application,Branding and startup,Branding resource discovery application icon splash lifecycle and packaging,HIGH,STATICALLY VERIFIED — RUNTIME VERIFICATION DEFERRED,BrandingService now resolves exact Logo.png and splash.png through one canonical source-tree/installed-resource strategy; main.py installs application identity before StartupSplash; both assets are packaged,Yes,RUNTIME_DEFERRED,audit/BRANDING_SPLASH_CORRECTION_2026-09-29.md,,ui/branding.py; ui/splash_screen.py; main.py; pyproject.toml; Logo.png; splash.png,New finding confirmed during 2026-09-29 branding correction pass
GF-MASTER-0108,GF-MASTER-0073-RUNTIME,UI/SLD,Palette symbol rendering,Palette Symbol Adapter — undefined visual_state causes plugin initialization failure,HIGH,CORRECTED — VERIFICATION PENDING,The reported runtime path referenced `visual_state` without a valid binding; current main explicitly resolves the existing `VisualState` value in `_render()` and passes it to `_draw_primitive()`. The same render boundary is now exception-safe so QPainter is ended in `finally`.,Yes,RUNTIME_DEFERRED,2026-09-29 GF-MASTER-0073 runtime blocker correction,ui/equipment/symbol/palette_symbol_adapter.py; ui/styling/presentation_style.py; ui/equipment/symbol/symbol_definition.py; ui/equipment/symbol/symbol_registry.py; ui/panels/default_panels.py; ui/plugins/panels_plugin.py,Current main source inspection; direct Windows runtime execution is pending in the available environment,Requested runtime finding ID GF-MASTER-0073 is already occupied by the canonical Endpoint identity finding and is preserved unchanged.
GF-MASTER-0109,GF-RUNTIME-CABLE-ENDPOINT,UI/SLD,Cable endpoint snapping,CableTool passes non-object/grid snaps into EndpointIdentityAdapter,HIGH,CORRECTED — RUNTIME RE-VERIFICATION REQUIRED,"CableTool now uses SnapSystem.snap_endpoint(), requiring OBJECT snap with stable object_id before EndpointIdentityAdapter conversion.",Yes,USER RUNTIME REPRODUCED,2026-09-29 runtime trace after palette startup correction,ui/tools/cable_tool.py; ui/core/snap_system.py; ui/tools/endpoint_identity_adapter.py,Runtime reproduced ValueError from grid/non-object snap; correction committed; rerun python main.py and test cable endpoint interaction,Do not close until endpoint-to-endpoint cable interaction is exercised successfully.
GF-MASTER-0110,GF-RUNTIME-ENGINEERING-BUS,Application,Engineering parameter update,Engineering editor emits element_type='buses' but Application update-command map only accepts 'bus',HIGH,CORRECTED — RUNTIME RE-VERIFICATION REQUIRED,Added 'buses' as an alias to the existing UpdateBusCommand mapping; no second command path introduced.,Yes,USER RUNTIME REPRODUCED,2026-09-29 runtime trace after palette startup correction,core/application/engineering_configuration.py; ui/panels/engineering_parameter_editor.py; ui/panels/default_panels.py,Runtime reproduced KeyError for 'buses'; correction committed; rerun python main.py and apply bus engineering parameters,Do not close until a bus property edit is successfully committed through Application.execute().
GF-MASTER-0111,GF-SLD-WF-TOOL-003|GF-SLD-WF-TOOL-004,Application/UI,Equipment creation lifecycle,Canonical equipment placement previously stopped at transient CreationDraft and endpoint acquisition used DraftEndpoint instead of canonical EndpointReference,HIGH,REMEDIATED — VERIFICATION DEFERRED,ModelPlacementTool now converts snapped endpoints through EndpointIdentityAdapter and commits one immutable CreationCommitIntent through Application.prepare_creation_command() and Application.execute(); normal placement commits automatically once definition-driven requirements are satisfied.,Yes,RUNTIME_DEFERRED,2026-09-29 Batch 26.5 implementation correction,ui/tools/model_placement_tool.py; ui/tools/bus_tool.py; ui/creation/command_factory.py; ui/creation/creation_definition.py; core/application/creation.py,Historical placement IDs retained; current implementation correction is source-evidenced but manual GUI verification remains pending.

GF-MASTER-0112,GF-MASTER-0040,UI/SLD,Wire activation committed equipment visibility,Shared PreviewLayer cleanup during tool lifecycle was not defensively isolated from committed graphics identity; Wire activation path itself contains no project/document/projection/scene reset,HIGH,REMEDIATED — VERIFICATION REQUIRED,PreviewLayer.clear_preview() now removes only transient preview graphics and retains items exposing canonical object_id/equipment_id; WireTool/BusTool/ModelPlacementTool use explicit preview-scoped cleanup,Yes,RUNTIME_DEFERRED,2026-09-29 Batch 26.6 static lifecycle correction,ui/canvas/preview_layer.py; ui/tools/wire_tool.py; ui/tools/bus_tool.py; ui/tools/model_placement_tool.py,Static call-chain trace: tool.wire -> Controller.set_tool -> ToolManager.activate -> tool lifecycle -> PreviewLayer cleanup; ProjectClosed remains the only SLD projection clear boundary,Manual Bus/Transformer/Breaker -> Wire -> Escape -> Wire commit -> equipment persistence and undo/redo sequence remains required,